ds,product_id,y
2025-12-30,act2 popcorn,11
2025-12-31,act2 popcorn,7
2026-01-01,act2 popcorn,9
2026-01-02,act2 popcorn,23
2026-01-03,act2 popcorn,42
2026-01-04,act2 popcorn,23
2026-01-05,act2 popcorn,11
2026-01-06,act2 popcorn,5
2026-01-07,act2 popcorn,5
2026-01-08,act2 popcorn,3
2026-01-09,act2 popcorn,2
2026-01-10,act2 popcorn,14
2026-01-11,act2 popcorn,17
2026-01-12,act2 popcorn,3
2026-01-13,act2 popcorn,4
2026-01-14,act2 popcorn,2
2026-01-15,act2 popcorn,4
2026-01-16,act2 popcorn,3
2026-01-17,act2 popcorn,12
2026-01-18,act2 popcorn,14
2026-01-19,act2 popcorn,3
2026-01-20,act2 popcorn,3
2026-01-21,act2 popcorn,3
2026-01-22,act2 popcorn,4
2026-01-23,act2 popcorn,3
2026-01-24,act2 popcorn,16
2026-01-25,act2 popcorn,16
2026-01-26,act2 popcorn,2
2026-01-27,act2 popcorn,20
2026-01-28,act2 popcorn,10
2026-01-29,act2 popcorn,10
2026-01-30,act2 popcorn,13
2026-01-31,act2 popcorn,27
2026-02-01,act2 popcorn,23
2026-02-02,act2 popcorn,6
2026-02-03,act2 popcorn,14
2026-02-04,act2 popcorn,12
2026-02-05,act2 popcorn,8
2026-02-06,act2 popcorn,5
2026-02-07,act2 popcorn,31
2026-02-08,act2 popcorn,18
2026-02-09,act2 popcorn,5
2026-02-10,act2 popcorn,2
2026-02-11,act2 popcorn,2
2026-02-12,act2 popcorn,2
2026-02-13,act2 popcorn,5
2026-02-14,act2 popcorn,16
2026-02-15,act2 popcorn,16
2026-02-16,act2 popcorn,2
2026-02-17,act2 popcorn,3
2026-02-18,act2 popcorn,2
2026-02-19,act2 popcorn,3
2026-02-20,act2 popcorn,4
2026-02-21,act2 popcorn,32
2026-02-22,act2 popcorn,17
2026-02-23,act2 popcorn,5
2026-02-24,act2 popcorn,5
2026-02-25,act2 popcorn,3
2026-02-26,act2 popcorn,3
2026-02-27,act2 popcorn,3
2026-02-28,act2 popcorn,17
2026-03-01,act2 popcorn,23
2026-03-02,act2 popcorn,12
2026-03-03,act2 popcorn,7
2026-03-04,act2 popcorn,10
2026-03-05,act2 popcorn,8
2026-03-06,act2 popcorn,5
2026-03-07,act2 popcorn,12
2026-03-08,act2 popcorn,14
2026-03-09,act2 popcorn,2
2026-03-10,act2 popcorn,2
2026-03-11,act2 popcorn,5
2026-03-12,act2 popcorn,3
2026-03-13,act2 popcorn,4
2026-03-14,act2 popcorn,29
2026-03-15,act2 popcorn,16
2026-03-16,act2 popcorn,4
2026-03-17,act2 popcorn,4
2026-03-18,act2 popcorn,3
2026-03-19,act2 popcorn,5
2026-03-20,act2 popcorn,3
2026-03-21,act2 popcorn,14
2026-03-22,act2 popcorn,18
2026-03-23,act2 popcorn,5
2026-03-24,act2 popcorn,4
2026-03-25,act2 popcorn,3
2026-03-26,act2 popcorn,2
2026-03-27,act2 popcorn,2
2026-03-28,act2 popcorn,21
2026-03-29,act2 popcorn,22
2026-03-30,act2 popcorn,11
2026-03-31,act2 popcorn,7
2026-04-01,act2 popcorn,13
2026-04-02,act2 popcorn,14
2026-04-03,act2 popcorn,10
2026-04-04,act2 popcorn,23
2026-04-05,act2 popcorn,18
2026-04-06,act2 popcorn,3
2026-04-07,act2 popcorn,2
2026-04-08,act2 popcorn,4
2026-04-09,act2 popcorn,5
2026-04-10,act2 popcorn,2
2026-04-11,act2 popcorn,11
2026-04-12,act2 popcorn,11
2026-04-13,act2 popcorn,5
2026-04-14,act2 popcorn,18
2026-04-15,act2 popcorn,2
2026-04-16,act2 popcorn,3
2026-04-17,act2 popcorn,5
2026-04-18,act2 popcorn,16
2026-04-19,act2 popcorn,15
2026-04-20,act2 popcorn,5
2026-04-21,act2 popcorn,5
2026-04-22,act2 popcorn,5
2026-04-23,act2 popcorn,2
2026-04-24,act2 popcorn,2
2026-04-25,act2 popcorn,17
2026-04-26,act2 popcorn,13
2026-04-27,act2 popcorn,5
2026-04-28,act2 popcorn,12
2025-12-30,cricket ball,9
2025-12-31,cricket ball,11
2026-01-01,cricket ball,8
2026-01-02,cricket ball,8
2026-01-03,cricket ball,11
2026-01-04,cricket ball,12
2026-01-05,cricket ball,9
2026-01-06,cricket ball,2
2026-01-07,cricket ball,2
2026-01-08,cricket ball,18
2026-01-09,cricket ball,2
2026-01-10,cricket ball,7
2026-01-11,cricket ball,9
2026-01-12,cricket ball,2
2026-01-13,cricket ball,2
2026-01-14,cricket ball,2
2026-01-15,cricket ball,5
2026-01-16,cricket ball,3
2026-01-17,cricket ball,8
2026-01-18,cricket ball,7
2026-01-19,cricket ball,2
2026-01-20,cricket ball,3
2026-01-21,cricket ball,4
2026-01-22,cricket ball,5
2026-01-23,cricket ball,4
2026-01-24,cricket ball,9
2026-01-25,cricket ball,7
2026-01-26,cricket ball,3
2026-01-27,cricket ball,3
2026-01-28,cricket ball,6
2026-01-29,cricket ball,11
2026-01-30,cricket ball,9
2026-01-31,cricket ball,11
2026-02-01,cricket ball,16
2026-02-02,cricket ball,8
2026-02-03,cricket ball,7
2026-02-04,cricket ball,9
2026-02-05,cricket ball,7
2026-02-06,cricket ball,5
2026-02-07,cricket ball,8
2026-02-08,cricket ball,5
2026-02-09,cricket ball,4
2026-02-10,cricket ball,4
2026-02-11,cricket ball,2
2026-02-12,cricket ball,5
2026-02-13,cricket ball,3
2026-02-14,cricket ball,8
2026-02-15,cricket ball,7
2026-02-16,cricket ball,4
2026-02-17,cricket ball,4
2026-02-18,cricket ball,2
2026-02-19,cricket ball,2
2026-02-20,cricket ball,3
2026-02-21,cricket ball,9
2026-02-22,cricket ball,9
2026-02-23,cricket ball,2
2026-02-24,cricket ball,2
2026-02-25,cricket ball,4
2026-02-26,cricket ball,5
2026-02-27,cricket ball,5
2026-02-28,cricket ball,17
2026-03-01,cricket ball,14
2026-03-02,cricket ball,13
2026-03-03,cricket ball,25
2026-03-04,cricket ball,11
2026-03-05,cricket ball,11
2026-03-06,cricket ball,5
2026-03-07,cricket ball,9
2026-03-08,cricket ball,5
2026-03-09,cricket ball,5
2026-03-10,cricket ball,18
2026-03-11,cricket ball,2
2026-03-12,cricket ball,3
2026-03-13,cricket ball,5
2026-03-14,cricket ball,10
2026-03-15,cricket ball,6
2026-03-16,cricket ball,5
2026-03-17,cricket ball,5
2026-03-18,cricket ball,4
2026-03-19,cricket ball,3
2026-03-20,cricket ball,5
2026-03-21,cricket ball,8
2026-03-22,cricket ball,9
2026-03-23,cricket ball,5
2026-03-24,cricket ball,2
2026-03-25,cricket ball,5
2026-03-26,cricket ball,5
2026-03-27,cricket ball,3
2026-03-28,cricket ball,11
2026-03-29,cricket ball,14
2026-03-30,cricket ball,7
2026-03-31,cricket ball,8
2026-04-01,cricket ball,12
2026-04-02,cricket ball,6
2026-04-03,cricket ball,6
2026-04-04,cricket ball,16
2026-04-05,cricket ball,18
2026-04-06,cricket ball,5
2026-04-07,cricket ball,5
2026-04-08,cricket ball,3
2026-04-09,cricket ball,2
2026-04-10,cricket ball,3
2026-04-11,cricket ball,6
2026-04-12,cricket ball,5
2026-04-13,cricket ball,4
2026-04-14,cricket ball,17
2026-04-15,cricket ball,4
2026-04-16,cricket ball,5
2026-04-17,cricket ball,3
2026-04-18,cricket ball,9
2026-04-19,cricket ball,9
2026-04-20,cricket ball,5
2026-04-21,cricket ball,3
2026-04-22,cricket ball,20
2026-04-23,cricket ball,3
2026-04-24,cricket ball,5
2026-04-25,cricket ball,5
2026-04-26,cricket ball,7
2026-04-27,cricket ball,4
2026-04-28,cricket ball,13
2025-12-30,dove intense repair shampoo,9
2025-12-31,dove intense repair shampoo,12
2026-01-01,dove intense repair shampoo,10
2026-01-02,dove intense repair shampoo,8
2026-01-03,dove intense repair shampoo,13
2026-01-04,dove intense repair shampoo,18
2026-01-05,dove intense repair shampoo,7
2026-01-06,dove intense repair shampoo,3
2026-01-07,dove intense repair shampoo,2
2026-01-08,dove intense repair shampoo,4
2026-01-09,dove intense repair shampoo,3
2026-01-10,dove intense repair shampoo,9
2026-01-11,dove intense repair shampoo,7
2026-01-12,dove intense repair shampoo,2
2026-01-13,dove intense repair shampoo,2
2026-01-14,dove intense repair shampoo,2
2026-01-15,dove intense repair shampoo,2
2026-01-16,dove intense repair shampoo,5
2026-01-17,dove intense repair shampoo,10
2026-01-18,dove intense repair shampoo,9
2026-01-19,dove intense repair shampoo,5
2026-01-20,dove intense repair shampoo,4
2026-01-21,dove intense repair shampoo,4
2026-01-22,dove intense repair shampoo,3
2026-01-23,dove intense repair shampoo,3
2026-01-24,dove intense repair shampoo,9
2026-01-25,dove intense repair shampoo,8
2026-01-26,dove intense repair shampoo,3
2026-01-27,dove intense repair shampoo,20
2026-01-28,dove intense repair shampoo,29
2026-01-29,dove intense repair shampoo,12
2026-01-30,dove intense repair shampoo,26
2026-01-31,dove intense repair shampoo,13
2026-02-01,dove intense repair shampoo,10
2026-02-02,dove intense repair shampoo,8
2026-02-03,dove intense repair shampoo,9
2026-02-04,dove intense repair shampoo,14
2026-02-05,dove intense repair shampoo,8
2026-02-06,dove intense repair shampoo,2
2026-02-07,dove intense repair shampoo,9
2026-02-08,dove intense repair shampoo,6
2026-02-09,dove intense repair shampoo,3
2026-02-10,dove intense repair shampoo,3
2026-02-11,dove intense repair shampoo,4
2026-02-12,dove intense repair shampoo,4
2026-02-13,dove intense repair shampoo,2
2026-02-14,dove intense repair shampoo,8
2026-02-15,dove intense repair shampoo,8
2026-02-16,dove intense repair shampoo,17
2026-02-17,dove intense repair shampoo,4
2026-02-18,dove intense repair shampoo,2
2026-02-19,dove intense repair shampoo,19
2026-02-20,dove intense repair shampoo,3
2026-02-21,dove intense repair shampoo,8
2026-02-22,dove intense repair shampoo,11
2026-02-23,dove intense repair shampoo,3
2026-02-24,dove intense repair shampoo,5
2026-02-25,dove intense repair shampoo,3
2026-02-26,dove intense repair shampoo,20
2026-02-27,dove intense repair shampoo,2
2026-02-28,dove intense repair shampoo,14
2026-03-01,dove intense repair shampoo,14
2026-03-02,dove intense repair shampoo,7
2026-03-03,dove intense repair shampoo,9
2026-03-04,dove intense repair shampoo,10
2026-03-05,dove intense repair shampoo,14
2026-03-06,dove intense repair shampoo,5
2026-03-07,dove intense repair shampoo,11
2026-03-08,dove intense repair shampoo,7
2026-03-09,dove intense repair shampoo,4
2026-03-10,dove intense repair shampoo,5
2026-03-11,dove intense repair shampoo,3
2026-03-12,dove intense repair shampoo,4
2026-03-13,dove intense repair shampoo,17
2026-03-14,dove intense repair shampoo,9
2026-03-15,dove intense repair shampoo,7
2026-03-16,dove intense repair shampoo,2
2026-03-17,dove intense repair shampoo,3
2026-03-18,dove intense repair shampoo,2
2026-03-19,dove intense repair shampoo,4
2026-03-20,dove intense repair shampoo,2
2026-03-21,dove intense repair shampoo,8
2026-03-22,dove intense repair shampoo,8
2026-03-23,dove intense repair shampoo,4
2026-03-24,dove intense repair shampoo,2
2026-03-25,dove intense repair shampoo,2
2026-03-26,dove intense repair shampoo,2
2026-03-27,dove intense repair shampoo,4
2026-03-28,dove intense repair shampoo,14
2026-03-29,dove intense repair shampoo,16
2026-03-30,dove intense repair shampoo,12
2026-03-31,dove intense repair shampoo,12
2026-04-01,dove intense repair shampoo,11
2026-04-02,dove intense repair shampoo,11
2026-04-03,dove intense repair shampoo,9
2026-04-04,dove intense repair shampoo,14
2026-04-05,dove intense repair shampoo,27
2026-04-06,dove intense repair shampoo,4
2026-04-07,dove intense repair shampoo,2
2026-04-08,dove intense repair shampoo,2
2026-04-09,dove intense repair shampoo,5
2026-04-10,dove intense repair shampoo,5
2026-04-11,dove intense repair shampoo,10
2026-04-12,dove intense repair shampoo,9
2026-04-13,dove intense repair shampoo,2
2026-04-14,dove intense repair shampoo,5
2026-04-15,dove intense repair shampoo,4
2026-04-16,dove intense repair shampoo,4
2026-04-17,dove intense repair shampoo,18
2026-04-18,dove intense repair shampoo,6
2026-04-19,dove intense repair shampoo,8
2026-04-20,dove intense repair shampoo,5
2026-04-21,dove intense repair shampoo,3
2026-04-22,dove intense repair shampoo,3
2026-04-23,dove intense repair shampoo,4
2026-04-24,dove intense repair shampoo,2
2026-04-25,dove intense repair shampoo,6
2026-04-26,dove intense repair shampoo,9
2026-04-27,dove intense repair shampoo,5
2026-04-28,dove intense repair shampoo,13
2025-12-30,everest label,13
2025-12-31,everest label,8
2026-01-01,everest label,11
2026-01-02,everest label,8
2026-01-03,everest label,14
2026-01-04,everest label,19
2026-01-05,everest label,11
2026-01-06,everest label,4
2026-01-07,everest label,4
2026-01-08,everest label,4
2026-01-09,everest label,3
2026-01-10,everest label,6
2026-01-11,everest label,24
2026-01-12,everest label,4
2026-01-13,everest label,3
2026-01-14,everest label,3
2026-01-15,everest label,4
2026-01-16,everest label,2
2026-01-17,everest label,8
2026-01-18,everest label,9
2026-01-19,everest label,2
2026-01-20,everest label,2
2026-01-21,everest label,4
2026-01-22,everest label,5
2026-01-23,everest label,3
2026-01-24,everest label,9
2026-01-25,everest label,7
2026-01-26,everest label,4
2026-01-27,everest label,3
2026-01-28,everest label,11
2026-01-29,everest label,9
2026-01-30,everest label,10
2026-01-31,everest label,18
2026-02-01,everest label,16
2026-02-02,everest label,8
2026-02-03,everest label,12
2026-02-04,everest label,11
2026-02-05,everest label,9
2026-02-06,everest label,5
2026-02-07,everest label,7
2026-02-08,everest label,7
2026-02-09,everest label,2
2026-02-10,everest label,2
2026-02-11,everest label,5
2026-02-12,everest label,4
2026-02-13,everest label,4
2026-02-14,everest label,7
2026-02-15,everest label,11
2026-02-16,everest label,5
2026-02-17,everest label,3
2026-02-18,everest label,5
2026-02-19,everest label,4
2026-02-20,everest label,2
2026-02-21,everest label,20
2026-02-22,everest label,7
2026-02-23,everest label,3
2026-02-24,everest label,4
2026-02-25,everest label,3
2026-02-26,everest label,4
2026-02-27,everest label,5
2026-02-28,everest label,15
2026-03-01,everest label,17
2026-03-02,everest label,13
2026-03-03,everest label,13
2026-03-04,everest label,12
2026-03-05,everest label,8
2026-03-06,everest label,4
2026-03-07,everest label,11
2026-03-08,everest label,10
2026-03-09,everest label,4
2026-03-10,everest label,17
2026-03-11,everest label,3
2026-03-12,everest label,2
2026-03-13,everest label,3
2026-03-14,everest label,8
2026-03-15,everest label,8
2026-03-16,everest label,3
2026-03-17,everest label,5
2026-03-18,everest label,2
2026-03-19,everest label,5
2026-03-20,everest label,3
2026-03-21,everest label,10
2026-03-22,everest label,10
2026-03-23,everest label,2
2026-03-24,everest label,2
2026-03-25,everest label,4
2026-03-26,everest label,2
2026-03-27,everest label,4
2026-03-28,everest label,17
2026-03-29,everest label,27
2026-03-30,everest label,9
2026-03-31,everest label,14
2026-04-01,everest label,9
2026-04-02,everest label,12
2026-04-03,everest label,10
2026-04-04,everest label,14
2026-04-05,everest label,18
2026-04-06,everest label,2
2026-04-07,everest label,5
2026-04-08,everest label,3
2026-04-09,everest label,2
2026-04-10,everest label,4
2026-04-11,everest label,10
2026-04-12,everest label,9
2026-04-13,everest label,3
2026-04-14,everest label,5
2026-04-15,everest label,5
2026-04-16,everest label,2
2026-04-17,everest label,5
2026-04-18,everest label,6
2026-04-19,everest label,5
2026-04-20,everest label,3
2026-04-21,everest label,2
2026-04-22,everest label,5
2026-04-23,everest label,5
2026-04-24,everest label,3
2026-04-25,everest label,7
2026-04-26,everest label,9
2026-04-27,everest label,3
2026-04-28,everest label,10
2025-12-30,everest sambhar masala,10
2025-12-31,everest sambhar masala,9
2026-01-01,everest sambhar masala,6
2026-01-02,everest sambhar masala,12
2026-01-03,everest sambhar masala,16
2026-01-04,everest sambhar masala,14
2026-01-05,everest sambhar masala,11
2026-01-06,everest sambhar masala,3
2026-01-07,everest sambhar masala,4
2026-01-08,everest sambhar masala,3
2026-01-09,everest sambhar masala,2
2026-01-10,everest sambhar masala,8
2026-01-11,everest sambhar masala,7
2026-01-12,everest sambhar masala,17
2026-01-13,everest sambhar masala,3
2026-01-14,everest sambhar masala,3
2026-01-15,everest sambhar masala,3
2026-01-16,everest sambhar masala,2
2026-01-17,everest sambhar masala,6
2026-01-18,everest sambhar masala,5
2026-01-19,everest sambhar masala,5
2026-01-20,everest sambhar masala,2
2026-01-21,everest sambhar masala,3
2026-01-22,everest sambhar masala,3
2026-01-23,everest sambhar masala,18
2026-01-24,everest sambhar masala,7
2026-01-25,everest sambhar masala,9
2026-01-26,everest sambhar masala,3
2026-01-27,everest sambhar masala,3
2026-01-28,everest sambhar masala,14
2026-01-29,everest sambhar masala,9
2026-01-30,everest sambhar masala,7
2026-01-31,everest sambhar masala,12
2026-02-01,everest sambhar masala,14
2026-02-02,everest sambhar masala,8
2026-02-03,everest sambhar masala,13
2026-02-04,everest sambhar masala,12
2026-02-05,everest sambhar masala,10
2026-02-06,everest sambhar masala,2
2026-02-07,everest sambhar masala,9
2026-02-08,everest sambhar masala,22
2026-02-09,everest sambhar masala,5
2026-02-10,everest sambhar masala,3
2026-02-11,everest sambhar masala,3
2026-02-12,everest sambhar masala,5
2026-02-13,everest sambhar masala,2
2026-02-14,everest sambhar masala,6
2026-02-15,everest sambhar masala,8
2026-02-16,everest sambhar masala,4
2026-02-17,everest sambhar masala,2
2026-02-18,everest sambhar masala,2
2026-02-19,everest sambhar masala,4
2026-02-20,everest sambhar masala,2
2026-02-21,everest sambhar masala,8
2026-02-22,everest sambhar masala,7
2026-02-23,everest sambhar masala,5
2026-02-24,everest sambhar masala,3
2026-02-25,everest sambhar masala,4
2026-02-26,everest sambhar masala,2
2026-02-27,everest sambhar masala,5
2026-02-28,everest sambhar masala,13
2026-03-01,everest sambhar masala,16
2026-03-02,everest sambhar masala,11
2026-03-03,everest sambhar masala,7
2026-03-04,everest sambhar masala,7
2026-03-05,everest sambhar masala,12
2026-03-06,everest sambhar masala,19
2026-03-07,everest sambhar masala,21
2026-03-08,everest sambhar masala,6
2026-03-09,everest sambhar masala,5
2026-03-10,everest sambhar masala,2
2026-03-11,everest sambhar masala,5
2026-03-12,everest sambhar masala,5
2026-03-13,everest sambhar masala,2
2026-03-14,everest sambhar masala,10
2026-03-15,everest sambhar masala,10
2026-03-16,everest sambhar masala,3
2026-03-17,everest sambhar masala,2
2026-03-18,everest sambhar masala,2
2026-03-19,everest sambhar masala,2
2026-03-20,everest sambhar masala,4
2026-03-21,everest sambhar masala,9
2026-03-22,everest sambhar masala,9
2026-03-23,everest sambhar masala,2
2026-03-24,everest sambhar masala,2
2026-03-25,everest sambhar masala,5
2026-03-26,everest sambhar masala,5
2026-03-27,everest sambhar masala,5
2026-03-28,everest sambhar masala,17
2026-03-29,everest sambhar masala,14
2026-03-30,everest sambhar masala,11
2026-03-31,everest sambhar masala,7
2026-04-01,everest sambhar masala,8
2026-04-02,everest sambhar masala,10
2026-04-03,everest sambhar masala,7
2026-04-04,everest sambhar masala,13
2026-04-05,everest sambhar masala,31
2026-04-06,everest sambhar masala,4
2026-04-07,everest sambhar masala,4
2026-04-08,everest sambhar masala,19
2026-04-09,everest sambhar masala,3
2026-04-10,everest sambhar masala,3
2026-04-11,everest sambhar masala,7
2026-04-12,everest sambhar masala,7
2026-04-13,everest sambhar masala,3
2026-04-14,everest sambhar masala,4
2026-04-15,everest sambhar masala,2
2026-04-16,everest sambhar masala,3
2026-04-17,everest sambhar masala,5
2026-04-18,everest sambhar masala,7
2026-04-19,everest sambhar masala,10
2026-04-20,everest sambhar masala,4
2026-04-21,everest sambhar masala,4
2026-04-22,everest sambhar masala,5
2026-04-23,everest sambhar masala,4
2026-04-24,everest sambhar masala,2
2026-04-25,everest sambhar masala,7
2026-04-26,everest sambhar masala,5
2026-04-27,everest sambhar masala,3
2026-04-28,everest sambhar masala,22
2025-12-30,glutamine powder,28
2025-12-31,glutamine powder,9
2026-01-01,glutamine powder,10
2026-01-02,glutamine powder,12
2026-01-03,glutamine powder,14
2026-01-04,glutamine powder,11
2026-01-05,glutamine powder,9
2026-01-06,glutamine powder,2
2026-01-07,glutamine powder,4
2026-01-08,glutamine powder,2
2026-01-09,glutamine powder,5
2026-01-10,glutamine powder,7
2026-01-11,glutamine powder,8
2026-01-12,glutamine powder,2
2026-01-13,glutamine powder,4
2026-01-14,glutamine powder,3
2026-01-15,glutamine powder,3
2026-01-16,glutamine powder,2
2026-01-17,glutamine powder,8
2026-01-18,glutamine powder,8
2026-01-19,glutamine powder,4
2026-01-20,glutamine powder,3
2026-01-21,glutamine powder,3
2026-01-22,glutamine powder,4
2026-01-23,glutamine powder,5
2026-01-24,glutamine powder,8
2026-01-25,glutamine powder,8
2026-01-26,glutamine powder,5
2026-01-27,glutamine powder,2
2026-01-28,glutamine powder,9
2026-01-29,glutamine powder,6
2026-01-30,glutamine powder,11
2026-01-31,glutamine powder,16
2026-02-01,glutamine powder,11
2026-02-02,glutamine powder,6
2026-02-03,glutamine powder,8
2026-02-04,glutamine powder,7
2026-02-05,glutamine powder,24
2026-02-06,glutamine powder,3
2026-02-07,glutamine powder,10
2026-02-08,glutamine powder,9
2026-02-09,glutamine powder,4
2026-02-10,glutamine powder,4
2026-02-11,glutamine powder,2
2026-02-12,glutamine powder,3
2026-02-13,glutamine powder,2
2026-02-14,glutamine powder,6
2026-02-15,glutamine powder,6
2026-02-16,glutamine powder,2
2026-02-17,glutamine powder,3
2026-02-18,glutamine powder,4
2026-02-19,glutamine powder,2
2026-02-20,glutamine powder,4
2026-02-21,glutamine powder,10
2026-02-22,glutamine powder,11
2026-02-23,glutamine powder,17
2026-02-24,glutamine powder,2
2026-02-25,glutamine powder,3
2026-02-26,glutamine powder,4
2026-02-27,glutamine powder,2
2026-02-28,glutamine powder,16
2026-03-01,glutamine powder,12
2026-03-02,glutamine powder,8
2026-03-03,glutamine powder,11
2026-03-04,glutamine powder,9
2026-03-05,glutamine powder,11
2026-03-06,glutamine powder,2
2026-03-07,glutamine powder,20
2026-03-08,glutamine powder,7
2026-03-09,glutamine powder,4
2026-03-10,glutamine powder,18
2026-03-11,glutamine powder,2
2026-03-12,glutamine powder,2
2026-03-13,glutamine powder,3
2026-03-14,glutamine powder,9
2026-03-15,glutamine powder,9
2026-03-16,glutamine powder,3
2026-03-17,glutamine powder,4
2026-03-18,glutamine powder,2
2026-03-19,glutamine powder,5
2026-03-20,glutamine powder,4
2026-03-21,glutamine powder,8
2026-03-22,glutamine powder,9
2026-03-23,glutamine powder,5
2026-03-24,glutamine powder,4
2026-03-25,glutamine powder,5
2026-03-26,glutamine powder,2
2026-03-27,glutamine powder,2
2026-03-28,glutamine powder,14
2026-03-29,glutamine powder,16
2026-03-30,glutamine powder,12
2026-03-31,glutamine powder,11
2026-04-01,glutamine powder,13
2026-04-02,glutamine powder,8
2026-04-03,glutamine powder,10
2026-04-04,glutamine powder,11
2026-04-05,glutamine powder,16
2026-04-06,glutamine powder,5
2026-04-07,glutamine powder,4
2026-04-08,glutamine powder,3
2026-04-09,glutamine powder,3
2026-04-10,glutamine powder,4
2026-04-11,glutamine powder,10
2026-04-12,glutamine powder,9
2026-04-13,glutamine powder,3
2026-04-14,glutamine powder,3
2026-04-15,glutamine powder,4
2026-04-16,glutamine powder,4
2026-04-17,glutamine powder,5
2026-04-18,glutamine powder,9
2026-04-19,glutamine powder,10
2026-04-20,glutamine powder,4
2026-04-21,glutamine powder,5
2026-04-22,glutamine powder,3
2026-04-23,glutamine powder,3
2026-04-24,glutamine powder,2
2026-04-25,glutamine powder,8
2026-04-26,glutamine powder,8
2026-04-27,glutamine powder,3
2026-04-28,glutamine powder,9
2025-12-30,noodles 4 pack,10
2025-12-31,noodles 4 pack,12
2026-01-01,noodles 4 pack,9
2026-01-02,noodles 4 pack,8
2026-01-03,noodles 4 pack,19
2026-01-04,noodles 4 pack,24
2026-01-05,noodles 4 pack,10
2026-01-06,noodles 4 pack,17
2026-01-07,noodles 4 pack,5
2026-01-08,noodles 4 pack,5
2026-01-09,noodles 4 pack,3
2026-01-10,noodles 4 pack,15
2026-01-11,noodles 4 pack,12
2026-01-12,noodles 4 pack,3
2026-01-13,noodles 4 pack,5
2026-01-14,noodles 4 pack,2
2026-01-15,noodles 4 pack,17
2026-01-16,noodles 4 pack,3
2026-01-17,noodles 4 pack,15
2026-01-18,noodles 4 pack,14
2026-01-19,noodles 4 pack,2
2026-01-20,noodles 4 pack,4
2026-01-21,noodles 4 pack,3
2026-01-22,noodles 4 pack,4
2026-01-23,noodles 4 pack,5
2026-01-24,noodles 4 pack,17
2026-01-25,noodles 4 pack,16
2026-01-26,noodles 4 pack,2
2026-01-27,noodles 4 pack,18
2026-01-28,noodles 4 pack,12
2026-01-29,noodles 4 pack,11
2026-01-30,noodles 4 pack,10
2026-01-31,noodles 4 pack,20
2026-02-01,noodles 4 pack,26
2026-02-02,noodles 4 pack,26
2026-02-03,noodles 4 pack,12
2026-02-04,noodles 4 pack,11
2026-02-05,noodles 4 pack,8
2026-02-06,noodles 4 pack,5
2026-02-07,noodles 4 pack,12
2026-02-08,noodles 4 pack,25
2026-02-09,noodles 4 pack,4
2026-02-10,noodles 4 pack,4
2026-02-11,noodles 4 pack,2
2026-02-12,noodles 4 pack,3
2026-02-13,noodles 4 pack,5
2026-02-14,noodles 4 pack,13
2026-02-15,noodles 4 pack,10
2026-02-16,noodles 4 pack,3
2026-02-17,noodles 4 pack,20
2026-02-18,noodles 4 pack,3
2026-02-19,noodles 4 pack,5
2026-02-20,noodles 4 pack,3
2026-02-21,noodles 4 pack,16
2026-02-22,noodles 4 pack,18
2026-02-23,noodles 4 pack,4
2026-02-24,noodles 4 pack,5
2026-02-25,noodles 4 pack,5
2026-02-26,noodles 4 pack,5
2026-02-27,noodles 4 pack,17
2026-02-28,noodles 4 pack,21
2026-03-01,noodles 4 pack,24
2026-03-02,noodles 4 pack,10
2026-03-03,noodles 4 pack,9
2026-03-04,noodles 4 pack,11
2026-03-05,noodles 4 pack,8
2026-03-06,noodles 4 pack,2
2026-03-07,noodles 4 pack,14
2026-03-08,noodles 4 pack,16
2026-03-09,noodles 4 pack,4
2026-03-10,noodles 4 pack,3
2026-03-11,noodles 4 pack,2
2026-03-12,noodles 4 pack,3
2026-03-13,noodles 4 pack,2
2026-03-14,noodles 4 pack,12
2026-03-15,noodles 4 pack,13
2026-03-16,noodles 4 pack,2
2026-03-17,noodles 4 pack,4
2026-03-18,noodles 4 pack,4
2026-03-19,noodles 4 pack,2
2026-03-20,noodles 4 pack,4
2026-03-21,noodles 4 pack,14
2026-03-22,noodles 4 pack,15
2026-03-23,noodles 4 pack,3
2026-03-24,noodles 4 pack,3
2026-03-25,noodles 4 pack,4
2026-03-26,noodles 4 pack,4
2026-03-27,noodles 4 pack,4
2026-03-28,noodles 4 pack,18
2026-03-29,noodles 4 pack,16
2026-03-30,noodles 4 pack,9
2026-03-31,noodles 4 pack,10
2026-04-01,noodles 4 pack,7
2026-04-02,noodles 4 pack,9
2026-04-03,noodles 4 pack,8
2026-04-04,noodles 4 pack,20
2026-04-05,noodles 4 pack,33
2026-04-06,noodles 4 pack,5
2026-04-07,noodles 4 pack,2
2026-04-08,noodles 4 pack,5
2026-04-09,noodles 4 pack,2
2026-04-10,noodles 4 pack,4
2026-04-11,noodles 4 pack,10
2026-04-12,noodles 4 pack,18
2026-04-13,noodles 4 pack,3
2026-04-14,noodles 4 pack,5
2026-04-15,noodles 4 pack,5
2026-04-16,noodles 4 pack,2
2026-04-17,noodles 4 pack,2
2026-04-18,noodles 4 pack,19
2026-04-19,noodles 4 pack,17
2026-04-20,noodles 4 pack,2
2026-04-21,noodles 4 pack,3
2026-04-22,noodles 4 pack,5
2026-04-23,noodles 4 pack,5
2026-04-24,noodles 4 pack,5
2026-04-25,noodles 4 pack,12
2026-04-26,noodles 4 pack,19
2026-04-27,noodles 4 pack,2
2026-04-28,noodles 4 pack,12
2025-12-30,parachute advanced gold coconut oil,11
2025-12-31,parachute advanced gold coconut oil,10
2026-01-01,parachute advanced gold coconut oil,8
2026-01-02,parachute advanced gold coconut oil,11
2026-01-03,parachute advanced gold coconut oil,17
2026-01-04,parachute advanced gold coconut oil,18
2026-01-05,parachute advanced gold coconut oil,8
2026-01-06,parachute advanced gold coconut oil,3
2026-01-07,parachute advanced gold coconut oil,5
2026-01-08,parachute advanced gold coconut oil,5
2026-01-09,parachute advanced gold coconut oil,4
2026-01-10,parachute advanced gold coconut oil,9
2026-01-11,parachute advanced gold coconut oil,9
2026-01-12,parachute advanced gold coconut oil,2
2026-01-13,parachute advanced gold coconut oil,5
2026-01-14,parachute advanced gold coconut oil,2
2026-01-15,parachute advanced gold coconut oil,5
2026-01-16,parachute advanced gold coconut oil,5
2026-01-17,parachute advanced gold coconut oil,7
2026-01-18,parachute advanced gold coconut oil,11
2026-01-19,parachute advanced gold coconut oil,5
2026-01-20,parachute advanced gold coconut oil,4
2026-01-21,parachute advanced gold coconut oil,2
2026-01-22,parachute advanced gold coconut oil,5
2026-01-23,parachute advanced gold coconut oil,4
2026-01-24,parachute advanced gold coconut oil,8
2026-01-25,parachute advanced gold coconut oil,7
2026-01-26,parachute advanced gold coconut oil,2
2026-01-27,parachute advanced gold coconut oil,2
2026-01-28,parachute advanced gold coconut oil,12
2026-01-29,parachute advanced gold coconut oil,23
2026-01-30,parachute advanced gold coconut oil,9
2026-01-31,parachute advanced gold coconut oil,27
2026-02-01,parachute advanced gold coconut oil,16
2026-02-02,parachute advanced gold coconut oil,26
2026-02-03,parachute advanced gold coconut oil,11
2026-02-04,parachute advanced gold coconut oil,9
2026-02-05,parachute advanced gold coconut oil,11
2026-02-06,parachute advanced gold coconut oil,4
2026-02-07,parachute advanced gold coconut oil,10
2026-02-08,parachute advanced gold coconut oil,8
2026-02-09,parachute advanced gold coconut oil,3
2026-02-10,parachute advanced gold coconut oil,19
2026-02-11,parachute advanced gold coconut oil,2
2026-02-12,parachute advanced gold coconut oil,5
2026-02-13,parachute advanced gold coconut oil,3
2026-02-14,parachute advanced gold coconut oil,8
2026-02-15,parachute advanced gold coconut oil,5
2026-02-16,parachute advanced gold coconut oil,2
2026-02-17,parachute advanced gold coconut oil,5
2026-02-18,parachute advanced gold coconut oil,2
2026-02-19,parachute advanced gold coconut oil,3
2026-02-20,parachute advanced gold coconut oil,2
2026-02-21,parachute advanced gold coconut oil,11
2026-02-22,parachute advanced gold coconut oil,7
2026-02-23,parachute advanced gold coconut oil,4
2026-02-24,parachute advanced gold coconut oil,2
2026-02-25,parachute advanced gold coconut oil,3
2026-02-26,parachute advanced gold coconut oil,3
2026-02-27,parachute advanced gold coconut oil,5
2026-02-28,parachute advanced gold coconut oil,15
2026-03-01,parachute advanced gold coconut oil,17
2026-03-02,parachute advanced gold coconut oil,8
2026-03-03,parachute advanced gold coconut oil,10
2026-03-04,parachute advanced gold coconut oil,9
2026-03-05,parachute advanced gold coconut oil,7
2026-03-06,parachute advanced gold coconut oil,5
2026-03-07,parachute advanced gold coconut oil,6
2026-03-08,parachute advanced gold coconut oil,8
2026-03-09,parachute advanced gold coconut oil,4
2026-03-10,parachute advanced gold coconut oil,2
2026-03-11,parachute advanced gold coconut oil,4
2026-03-12,parachute advanced gold coconut oil,3
2026-03-13,parachute advanced gold coconut oil,2
2026-03-14,parachute advanced gold coconut oil,8
2026-03-15,parachute advanced gold coconut oil,11
2026-03-16,parachute advanced gold coconut oil,2
2026-03-17,parachute advanced gold coconut oil,2
2026-03-18,parachute advanced gold coconut oil,3
2026-03-19,parachute advanced gold coconut oil,4
2026-03-20,parachute advanced gold coconut oil,18
2026-03-21,parachute advanced gold coconut oil,8
2026-03-22,parachute advanced gold coconut oil,7
2026-03-23,parachute advanced gold coconut oil,18
2026-03-24,parachute advanced gold coconut oil,4
2026-03-25,parachute advanced gold coconut oil,2
2026-03-26,parachute advanced gold coconut oil,5
2026-03-27,parachute advanced gold coconut oil,3
2026-03-28,parachute advanced gold coconut oil,9
2026-03-29,parachute advanced gold coconut oil,32
2026-03-30,parachute advanced gold coconut oil,11
2026-03-31,parachute advanced gold coconut oil,13
2026-04-01,parachute advanced gold coconut oil,7
2026-04-02,parachute advanced gold coconut oil,11
2026-04-03,parachute advanced gold coconut oil,12
2026-04-04,parachute advanced gold coconut oil,11
2026-04-05,parachute advanced gold coconut oil,16
2026-04-06,parachute advanced gold coconut oil,4
2026-04-07,parachute advanced gold coconut oil,18
2026-04-08,parachute advanced gold coconut oil,2
2026-04-09,parachute advanced gold coconut oil,3
2026-04-10,parachute advanced gold coconut oil,3
2026-04-11,parachute advanced gold coconut oil,9
2026-04-12,parachute advanced gold coconut oil,10
2026-04-13,parachute advanced gold coconut oil,4
2026-04-14,parachute advanced gold coconut oil,4
2026-04-15,parachute advanced gold coconut oil,2
2026-04-16,parachute advanced gold coconut oil,2
2026-04-17,parachute advanced gold coconut oil,4
2026-04-18,parachute advanced gold coconut oil,9
2026-04-19,parachute advanced gold coconut oil,8
2026-04-20,parachute advanced gold coconut oil,2
2026-04-21,parachute advanced gold coconut oil,2
2026-04-22,parachute advanced gold coconut oil,5
2026-04-23,parachute advanced gold coconut oil,5
2026-04-24,parachute advanced gold coconut oil,3
2026-04-25,parachute advanced gold coconut oil,8
2026-04-26,parachute advanced gold coconut oil,8
2026-04-27,parachute advanced gold coconut oil,5
2026-04-28,parachute advanced gold coconut oil,23
2025-12-30,parachute label,12
2025-12-31,parachute label,13
2026-01-01,parachute label,8
2026-01-02,parachute label,10
2026-01-03,parachute label,13
2026-01-04,parachute label,18
2026-01-05,parachute label,12
2026-01-06,parachute label,3
2026-01-07,parachute label,3
2026-01-08,parachute label,3
2026-01-09,parachute label,4
2026-01-10,parachute label,8
2026-01-11,parachute label,10
2026-01-12,parachute label,5
2026-01-13,parachute label,2
2026-01-14,parachute label,5
2026-01-15,parachute label,2
2026-01-16,parachute label,3
2026-01-17,parachute label,8
2026-01-18,parachute label,8
2026-01-19,parachute label,4
2026-01-20,parachute label,3
2026-01-21,parachute label,5
2026-01-22,parachute label,5
2026-01-23,parachute label,5
2026-01-24,parachute label,10
2026-01-25,parachute label,8
2026-01-26,parachute label,2
2026-01-27,parachute label,2
2026-01-28,parachute label,12
2026-01-29,parachute label,8
2026-01-30,parachute label,10
2026-01-31,parachute label,18
2026-02-01,parachute label,13
2026-02-02,parachute label,7
2026-02-03,parachute label,10
2026-02-04,parachute label,8
2026-02-05,parachute label,9
2026-02-06,parachute label,3
2026-02-07,parachute label,10
2026-02-08,parachute label,6
2026-02-09,parachute label,3
2026-02-10,parachute label,4
2026-02-11,parachute label,2
2026-02-12,parachute label,3
2026-02-13,parachute label,3
2026-02-14,parachute label,8
2026-02-15,parachute label,9
2026-02-16,parachute label,5
2026-02-17,parachute label,2
2026-02-18,parachute label,4
2026-02-19,parachute label,2
2026-02-20,parachute label,4
2026-02-21,parachute label,10
2026-02-22,parachute label,21
2026-02-23,parachute label,5
2026-02-24,parachute label,3
2026-02-25,parachute label,2
2026-02-26,parachute label,5
2026-02-27,parachute label,2
2026-02-28,parachute label,18
2026-03-01,parachute label,16
2026-03-02,parachute label,8
2026-03-03,parachute label,9
2026-03-04,parachute label,8
2026-03-05,parachute label,9
2026-03-06,parachute label,4
2026-03-07,parachute label,11
2026-03-08,parachute label,9
2026-03-09,parachute label,2
2026-03-10,parachute label,4
2026-03-11,parachute label,3
2026-03-12,parachute label,2
2026-03-13,parachute label,5
2026-03-14,parachute label,5
2026-03-15,parachute label,11
2026-03-16,parachute label,4
2026-03-17,parachute label,2
2026-03-18,parachute label,5
2026-03-19,parachute label,2
2026-03-20,parachute label,3
2026-03-21,parachute label,9
2026-03-22,parachute label,11
2026-03-23,parachute label,5
2026-03-24,parachute label,2
2026-03-25,parachute label,3
2026-03-26,parachute label,3
2026-03-27,parachute label,2
2026-03-28,parachute label,14
2026-03-29,parachute label,14
2026-03-30,parachute label,9
2026-03-31,parachute label,11
2026-04-01,parachute label,9
2026-04-02,parachute label,8
2026-04-03,parachute label,11
2026-04-04,parachute label,17
2026-04-05,parachute label,14
2026-04-06,parachute label,4
2026-04-07,parachute label,2
2026-04-08,parachute label,4
2026-04-09,parachute label,2
2026-04-10,parachute label,4
2026-04-11,parachute label,8
2026-04-12,parachute label,6
2026-04-13,parachute label,4
2026-04-14,parachute label,3
2026-04-15,parachute label,3
2026-04-16,parachute label,5
2026-04-17,parachute label,4
2026-04-18,parachute label,8
2026-04-19,parachute label,7
2026-04-20,parachute label,5
2026-04-21,parachute label,3
2026-04-22,parachute label,3
2026-04-23,parachute label,2
2026-04-24,parachute label,2
2026-04-25,parachute label,6
2026-04-26,parachute label,7
2026-04-27,parachute label,2
2026-04-28,parachute label,13
2025-12-30,patanjali atta noodles,10
2025-12-31,patanjali atta noodles,14
2026-01-01,patanjali atta noodles,9
2026-01-02,patanjali atta noodles,24
2026-01-03,patanjali atta noodles,25
2026-01-04,patanjali atta noodles,20
2026-01-05,patanjali atta noodles,25
2026-01-06,patanjali atta noodles,5
2026-01-07,patanjali atta noodles,4
2026-01-08,patanjali atta noodles,3
2026-01-09,patanjali atta noodles,4
2026-01-10,patanjali atta noodles,13
2026-01-11,patanjali atta noodles,16
2026-01-12,patanjali atta noodles,3
2026-01-13,patanjali atta noodles,5
2026-01-14,patanjali atta noodles,4
2026-01-15,patanjali atta noodles,3
2026-01-16,patanjali atta noodles,5
2026-01-17,patanjali atta noodles,18
2026-01-18,patanjali atta noodles,16
2026-01-19,patanjali atta noodles,2
2026-01-20,patanjali atta noodles,3
2026-01-21,patanjali atta noodles,5
2026-01-22,patanjali atta noodles,3
2026-01-23,patanjali atta noodles,3
2026-01-24,patanjali atta noodles,15
2026-01-25,patanjali atta noodles,15
2026-01-26,patanjali atta noodles,2
2026-01-27,patanjali atta noodles,4
2026-01-28,patanjali atta noodles,7
2026-01-29,patanjali atta noodles,8
2026-01-30,patanjali atta noodles,13
2026-01-31,patanjali atta noodles,19
2026-02-01,patanjali atta noodles,23
2026-02-02,patanjali atta noodles,9
2026-02-03,patanjali atta noodles,10
2026-02-04,patanjali atta noodles,10
2026-02-05,patanjali atta noodles,7
2026-02-06,patanjali atta noodles,2
2026-02-07,patanjali atta noodles,18
2026-02-08,patanjali atta noodles,16
2026-02-09,patanjali atta noodles,5
2026-02-10,patanjali atta noodles,5
2026-02-11,patanjali atta noodles,4
2026-02-12,patanjali atta noodles,4
2026-02-13,patanjali atta noodles,4
2026-02-14,patanjali atta noodles,16
2026-02-15,patanjali atta noodles,10
2026-02-16,patanjali atta noodles,4
2026-02-17,patanjali atta noodles,5
2026-02-18,patanjali atta noodles,4
2026-02-19,patanjali atta noodles,4
2026-02-20,patanjali atta noodles,2
2026-02-21,patanjali atta noodles,13
2026-02-22,patanjali atta noodles,17
2026-02-23,patanjali atta noodles,3
2026-02-24,patanjali atta noodles,5
2026-02-25,patanjali atta noodles,17
2026-02-26,patanjali atta noodles,20
2026-02-27,patanjali atta noodles,2
2026-02-28,patanjali atta noodles,19
2026-03-01,patanjali atta noodles,16
2026-03-02,patanjali atta noodles,10
2026-03-03,patanjali atta noodles,9
2026-03-04,patanjali atta noodles,8
2026-03-05,patanjali atta noodles,8
2026-03-06,patanjali atta noodles,3
2026-03-07,patanjali atta noodles,11
2026-03-08,patanjali atta noodles,13
2026-03-09,patanjali atta noodles,2
2026-03-10,patanjali atta noodles,5
2026-03-11,patanjali atta noodles,2
2026-03-12,patanjali atta noodles,4
2026-03-13,patanjali atta noodles,4
2026-03-14,patanjali atta noodles,16
2026-03-15,patanjali atta noodles,15
2026-03-16,patanjali atta noodles,4
2026-03-17,patanjali atta noodles,4
2026-03-18,patanjali atta noodles,2
2026-03-19,patanjali atta noodles,19
2026-03-20,patanjali atta noodles,4
2026-03-21,patanjali atta noodles,28
2026-03-22,patanjali atta noodles,11
2026-03-23,patanjali atta noodles,4
2026-03-24,patanjali atta noodles,4
2026-03-25,patanjali atta noodles,4
2026-03-26,patanjali atta noodles,19
2026-03-27,patanjali atta noodles,5
2026-03-28,patanjali atta noodles,21
2026-03-29,patanjali atta noodles,20
2026-03-30,patanjali atta noodles,25
2026-03-31,patanjali atta noodles,13
2026-04-01,patanjali atta noodles,12
2026-04-02,patanjali atta noodles,8
2026-04-03,patanjali atta noodles,11
2026-04-04,patanjali atta noodles,18
2026-04-05,patanjali atta noodles,20
2026-04-06,patanjali atta noodles,5
2026-04-07,patanjali atta noodles,3
2026-04-08,patanjali atta noodles,4
2026-04-09,patanjali atta noodles,5
2026-04-10,patanjali atta noodles,2
2026-04-11,patanjali atta noodles,12
2026-04-12,patanjali atta noodles,14
2026-04-13,patanjali atta noodles,5
2026-04-14,patanjali atta noodles,4
2026-04-15,patanjali atta noodles,2
2026-04-16,patanjali atta noodles,5
2026-04-17,patanjali atta noodles,2
2026-04-18,patanjali atta noodles,13
2026-04-19,patanjali atta noodles,11
2026-04-20,patanjali atta noodles,3
2026-04-21,patanjali atta noodles,4
2026-04-22,patanjali atta noodles,3
2026-04-23,patanjali atta noodles,3
2026-04-24,patanjali atta noodles,2
2026-04-25,patanjali atta noodles,16
2026-04-26,patanjali atta noodles,14
2026-04-27,patanjali atta noodles,4
2026-04-28,patanjali atta noodles,7
2025-12-30,patanjali label,11
2025-12-31,patanjali label,11
2026-01-01,patanjali label,11
2026-01-02,patanjali label,10
2026-01-03,patanjali label,18
2026-01-04,patanjali label,12
2026-01-05,patanjali label,7
2026-01-06,patanjali label,5
2026-01-07,patanjali label,2
2026-01-08,patanjali label,3
2026-01-09,patanjali label,2
2026-01-10,patanjali label,9
2026-01-11,patanjali label,10
2026-01-12,patanjali label,4
2026-01-13,patanjali label,4
2026-01-14,patanjali label,4
2026-01-15,patanjali label,4
2026-01-16,patanjali label,5
2026-01-17,patanjali label,8
2026-01-18,patanjali label,6
2026-01-19,patanjali label,3
2026-01-20,patanjali label,2
2026-01-21,patanjali label,5
2026-01-22,patanjali label,2
2026-01-23,patanjali label,4
2026-01-24,patanjali label,10
2026-01-25,patanjali label,22
2026-01-26,patanjali label,4
2026-01-27,patanjali label,2
2026-01-28,patanjali label,28
2026-01-29,patanjali label,9
2026-01-30,patanjali label,11
2026-01-31,patanjali label,17
2026-02-01,patanjali label,18
2026-02-02,patanjali label,9
2026-02-03,patanjali label,10
2026-02-04,patanjali label,10
2026-02-05,patanjali label,9
2026-02-06,patanjali label,4
2026-02-07,patanjali label,10
2026-02-08,patanjali label,8
2026-02-09,patanjali label,19
2026-02-10,patanjali label,4
2026-02-11,patanjali label,4
2026-02-12,patanjali label,5
2026-02-13,patanjali label,4
2026-02-14,patanjali label,8
2026-02-15,patanjali label,9
2026-02-16,patanjali label,4
2026-02-17,patanjali label,5
2026-02-18,patanjali label,3
2026-02-19,patanjali label,5
2026-02-20,patanjali label,3
2026-02-21,patanjali label,8
2026-02-22,patanjali label,10
2026-02-23,patanjali label,3
2026-02-24,patanjali label,4
2026-02-25,patanjali label,3
2026-02-26,patanjali label,3
2026-02-27,patanjali label,5
2026-02-28,patanjali label,29
2026-03-01,patanjali label,17
2026-03-02,patanjali label,9
2026-03-03,patanjali label,8
2026-03-04,patanjali label,9
2026-03-05,patanjali label,11
2026-03-06,patanjali label,5
2026-03-07,patanjali label,8
2026-03-08,patanjali label,9
2026-03-09,patanjali label,5
2026-03-10,patanjali label,4
2026-03-11,patanjali label,4
2026-03-12,patanjali label,3
2026-03-13,patanjali label,5
2026-03-14,patanjali label,6
2026-03-15,patanjali label,8
2026-03-16,patanjali label,20
2026-03-17,patanjali label,5
2026-03-18,patanjali label,2
2026-03-19,patanjali label,2
2026-03-20,patanjali label,18
2026-03-21,patanjali label,11
2026-03-22,patanjali label,8
2026-03-23,patanjali label,5
2026-03-24,patanjali label,2
2026-03-25,patanjali label,5
2026-03-26,patanjali label,3
2026-03-27,patanjali label,2
2026-03-28,patanjali label,14
2026-03-29,patanjali label,14
2026-03-30,patanjali label,9
2026-03-31,patanjali label,8
2026-04-01,patanjali label,14
2026-04-02,patanjali label,11
2026-04-03,patanjali label,9
2026-04-04,patanjali label,15
2026-04-05,patanjali label,11
2026-04-06,patanjali label,20
2026-04-07,patanjali label,2
2026-04-08,patanjali label,4
2026-04-09,patanjali label,3
2026-04-10,patanjali label,3
2026-04-11,patanjali label,7
2026-04-12,patanjali label,7
2026-04-13,patanjali label,20
2026-04-14,patanjali label,5
2026-04-15,patanjali label,3
2026-04-16,patanjali label,3
2026-04-17,patanjali label,3
2026-04-18,patanjali label,8
2026-04-19,patanjali label,8
2026-04-20,patanjali label,19
2026-04-21,patanjali label,3
2026-04-22,patanjali label,2
2026-04-23,patanjali label,5
2026-04-24,patanjali label,2
2026-04-25,patanjali label,6
2026-04-26,patanjali label,5
2026-04-27,patanjali label,5
2026-04-28,patanjali label,13
2025-12-30,patanjali noodles chatpata masala,13
2025-12-31,patanjali noodles chatpata masala,11
2026-01-01,patanjali noodles chatpata masala,10
2026-01-02,patanjali noodles chatpata masala,10
2026-01-03,patanjali noodles chatpata masala,20
2026-01-04,patanjali noodles chatpata masala,21
2026-01-05,patanjali noodles chatpata masala,10
2026-01-06,patanjali noodles chatpata masala,3
2026-01-07,patanjali noodles chatpata masala,4
2026-01-08,patanjali noodles chatpata masala,3
2026-01-09,patanjali noodles chatpata masala,5
2026-01-10,patanjali noodles chatpata masala,18
2026-01-11,patanjali noodles chatpata masala,15
2026-01-12,patanjali noodles chatpata masala,4
2026-01-13,patanjali noodles chatpata masala,3
2026-01-14,patanjali noodles chatpata masala,2
2026-01-15,patanjali noodles chatpata masala,20
2026-01-16,patanjali noodles chatpata masala,3
2026-01-17,patanjali noodles chatpata masala,18
2026-01-18,patanjali noodles chatpata masala,10
2026-01-19,patanjali noodles chatpata masala,3
2026-01-20,patanjali noodles chatpata masala,5
2026-01-21,patanjali noodles chatpata masala,4
2026-01-22,patanjali noodles chatpata masala,3
2026-01-23,patanjali noodles chatpata masala,5
2026-01-24,patanjali noodles chatpata masala,14
2026-01-25,patanjali noodles chatpata masala,32
2026-01-26,patanjali noodles chatpata masala,4
2026-01-27,patanjali noodles chatpata masala,5
2026-01-28,patanjali noodles chatpata masala,11
2026-01-29,patanjali noodles chatpata masala,13
2026-01-30,patanjali noodles chatpata masala,9
2026-01-31,patanjali noodles chatpata masala,18
2026-02-01,patanjali noodles chatpata masala,19
2026-02-02,patanjali noodles chatpata masala,11
2026-02-03,patanjali noodles chatpata masala,12
2026-02-04,patanjali noodles chatpata masala,11
2026-02-05,patanjali noodles chatpata masala,6
2026-02-06,patanjali noodles chatpata masala,5
2026-02-07,patanjali noodles chatpata masala,17
2026-02-08,patanjali noodles chatpata masala,14
2026-02-09,patanjali noodles chatpata masala,3
2026-02-10,patanjali noodles chatpata masala,5
2026-02-11,patanjali noodles chatpata masala,2
2026-02-12,patanjali noodles chatpata masala,3
2026-02-13,patanjali noodles chatpata masala,5
2026-02-14,patanjali noodles chatpata masala,12
2026-02-15,patanjali noodles chatpata masala,15
2026-02-16,patanjali noodles chatpata masala,5
2026-02-17,patanjali noodles chatpata masala,3
2026-02-18,patanjali noodles chatpata masala,3
2026-02-19,patanjali noodles chatpata masala,3
2026-02-20,patanjali noodles chatpata masala,5
2026-02-21,patanjali noodles chatpata masala,13
2026-02-22,patanjali noodles chatpata masala,14
2026-02-23,patanjali noodles chatpata masala,3
2026-02-24,patanjali noodles chatpata masala,4
2026-02-25,patanjali noodles chatpata masala,2
2026-02-26,patanjali noodles chatpata masala,17
2026-02-27,patanjali noodles chatpata masala,17
2026-02-28,patanjali noodles chatpata masala,25
2026-03-01,patanjali noodles chatpata masala,25
2026-03-02,patanjali noodles chatpata masala,10
2026-03-03,patanjali noodles chatpata masala,13
2026-03-04,patanjali noodles chatpata masala,8
2026-03-05,patanjali noodles chatpata masala,8
2026-03-06,patanjali noodles chatpata masala,2
2026-03-07,patanjali noodles chatpata masala,17
2026-03-08,patanjali noodles chatpata masala,13
2026-03-09,patanjali noodles chatpata masala,4
2026-03-10,patanjali noodles chatpata masala,5
2026-03-11,patanjali noodles chatpata masala,4
2026-03-12,patanjali noodles chatpata masala,5
2026-03-13,patanjali noodles chatpata masala,3
2026-03-14,patanjali noodles chatpata masala,12
2026-03-15,patanjali noodles chatpata masala,10
2026-03-16,patanjali noodles chatpata masala,4
2026-03-17,patanjali noodles chatpata masala,3
2026-03-18,patanjali noodles chatpata masala,4
2026-03-19,patanjali noodles chatpata masala,18
2026-03-20,patanjali noodles chatpata masala,2
2026-03-21,patanjali noodles chatpata masala,17
2026-03-22,patanjali noodles chatpata masala,15
2026-03-23,patanjali noodles chatpata masala,5
2026-03-24,patanjali noodles chatpata masala,2
2026-03-25,patanjali noodles chatpata masala,5
2026-03-26,patanjali noodles chatpata masala,2
2026-03-27,patanjali noodles chatpata masala,2
2026-03-28,patanjali noodles chatpata masala,17
2026-03-29,patanjali noodles chatpata masala,17
2026-03-30,patanjali noodles chatpata masala,24
2026-03-31,patanjali noodles chatpata masala,9
2026-04-01,patanjali noodles chatpata masala,8
2026-04-02,patanjali noodles chatpata masala,10
2026-04-03,patanjali noodles chatpata masala,13
2026-04-04,patanjali noodles chatpata masala,18
2026-04-05,patanjali noodles chatpata masala,20
2026-04-06,patanjali noodles chatpata masala,3
2026-04-07,patanjali noodles chatpata masala,3
2026-04-08,patanjali noodles chatpata masala,3
2026-04-09,patanjali noodles chatpata masala,4
2026-04-10,patanjali noodles chatpata masala,3
2026-04-11,patanjali noodles chatpata masala,31
2026-04-12,patanjali noodles chatpata masala,30
2026-04-13,patanjali noodles chatpata masala,3
2026-04-14,patanjali noodles chatpata masala,3
2026-04-15,patanjali noodles chatpata masala,5
2026-04-16,patanjali noodles chatpata masala,3
2026-04-17,patanjali noodles chatpata masala,2
2026-04-18,patanjali noodles chatpata masala,10
2026-04-19,patanjali noodles chatpata masala,11
2026-04-20,patanjali noodles chatpata masala,3
2026-04-21,patanjali noodles chatpata masala,2
2026-04-22,patanjali noodles chatpata masala,3
2026-04-23,patanjali noodles chatpata masala,3
2026-04-24,patanjali noodles chatpata masala,5
2026-04-25,patanjali noodles chatpata masala,13
2026-04-26,patanjali noodles chatpata masala,15
2026-04-27,patanjali noodles chatpata masala,3
2026-04-28,patanjali noodles chatpata masala,11
2025-12-30,patanjali noodles chatpata masala 4 pack,11
2025-12-31,patanjali noodles chatpata masala 4 pack,13
2026-01-01,patanjali noodles chatpata masala 4 pack,13
2026-01-02,patanjali noodles chatpata masala 4 pack,14
2026-01-03,patanjali noodles chatpata masala 4 pack,27
2026-01-04,patanjali noodles chatpata masala 4 pack,25
2026-01-05,patanjali noodles chatpata masala 4 pack,11
2026-01-06,patanjali noodles chatpata masala 4 pack,4
2026-01-07,patanjali noodles chatpata masala 4 pack,5
2026-01-08,patanjali noodles chatpata masala 4 pack,5
2026-01-09,patanjali noodles chatpata masala 4 pack,2
2026-01-10,patanjali noodles chatpata masala 4 pack,12
2026-01-11,patanjali noodles chatpata masala 4 pack,13
2026-01-12,patanjali noodles chatpata masala 4 pack,3
2026-01-13,patanjali noodles chatpata masala 4 pack,2
2026-01-14,patanjali noodles chatpata masala 4 pack,4
2026-01-15,patanjali noodles chatpata masala 4 pack,3
2026-01-16,patanjali noodles chatpata masala 4 pack,4
2026-01-17,patanjali noodles chatpata masala 4 pack,10
2026-01-18,patanjali noodles chatpata masala 4 pack,16
2026-01-19,patanjali noodles chatpata masala 4 pack,5
2026-01-20,patanjali noodles chatpata masala 4 pack,4
2026-01-21,patanjali noodles chatpata masala 4 pack,3
2026-01-22,patanjali noodles chatpata masala 4 pack,2
2026-01-23,patanjali noodles chatpata masala 4 pack,4
2026-01-24,patanjali noodles chatpata masala 4 pack,12
2026-01-25,patanjali noodles chatpata masala 4 pack,15
2026-01-26,patanjali noodles chatpata masala 4 pack,18
2026-01-27,patanjali noodles chatpata masala 4 pack,17
2026-01-28,patanjali noodles chatpata masala 4 pack,13
2026-01-29,patanjali noodles chatpata masala 4 pack,9
2026-01-30,patanjali noodles chatpata masala 4 pack,6
2026-01-31,patanjali noodles chatpata masala 4 pack,21
2026-02-01,patanjali noodles chatpata masala 4 pack,20
2026-02-02,patanjali noodles chatpata masala 4 pack,11
2026-02-03,patanjali noodles chatpata masala 4 pack,8
2026-02-04,patanjali noodles chatpata masala 4 pack,23
2026-02-05,patanjali noodles chatpata masala 4 pack,12
2026-02-06,patanjali noodles chatpata masala 4 pack,3
2026-02-07,patanjali noodles chatpata masala 4 pack,15
2026-02-08,patanjali noodles chatpata masala 4 pack,17
2026-02-09,patanjali noodles chatpata masala 4 pack,2
2026-02-10,patanjali noodles chatpata masala 4 pack,4
2026-02-11,patanjali noodles chatpata masala 4 pack,3
2026-02-12,patanjali noodles chatpata masala 4 pack,4
2026-02-13,patanjali noodles chatpata masala 4 pack,4
2026-02-14,patanjali noodles chatpata masala 4 pack,18
2026-02-15,patanjali noodles chatpata masala 4 pack,10
2026-02-16,patanjali noodles chatpata masala 4 pack,4
2026-02-17,patanjali noodles chatpata masala 4 pack,4
2026-02-18,patanjali noodles chatpata masala 4 pack,3
2026-02-19,patanjali noodles chatpata masala 4 pack,2
2026-02-20,patanjali noodles chatpata masala 4 pack,5
2026-02-21,patanjali noodles chatpata masala 4 pack,17
2026-02-22,patanjali noodles chatpata masala 4 pack,18
2026-02-23,patanjali noodles chatpata masala 4 pack,5
2026-02-24,patanjali noodles chatpata masala 4 pack,3
2026-02-25,patanjali noodles chatpata masala 4 pack,3
2026-02-26,patanjali noodles chatpata masala 4 pack,4
2026-02-27,patanjali noodles chatpata masala 4 pack,2
2026-02-28,patanjali noodles chatpata masala 4 pack,18
2026-03-01,patanjali noodles chatpata masala 4 pack,24
2026-03-02,patanjali noodles chatpata masala 4 pack,13
2026-03-03,patanjali noodles chatpata masala 4 pack,12
2026-03-04,patanjali noodles chatpata masala 4 pack,9
2026-03-05,patanjali noodles chatpata masala 4 pack,12
2026-03-06,patanjali noodles chatpata masala 4 pack,3
2026-03-07,patanjali noodles chatpata masala 4 pack,17
2026-03-08,patanjali noodles chatpata masala 4 pack,16
2026-03-09,patanjali noodles chatpata masala 4 pack,3
2026-03-10,patanjali noodles chatpata masala 4 pack,4
2026-03-11,patanjali noodles chatpata masala 4 pack,2
2026-03-12,patanjali noodles chatpata masala 4 pack,4
2026-03-13,patanjali noodles chatpata masala 4 pack,5
2026-03-14,patanjali noodles chatpata masala 4 pack,27
2026-03-15,patanjali noodles chatpata masala 4 pack,25
2026-03-16,patanjali noodles chatpata masala 4 pack,3
2026-03-17,patanjali noodles chatpata masala 4 pack,3
2026-03-18,patanjali noodles chatpata masala 4 pack,4
2026-03-19,patanjali noodles chatpata masala 4 pack,3
2026-03-20,patanjali noodles chatpata masala 4 pack,5
2026-03-21,patanjali noodles chatpata masala 4 pack,15
2026-03-22,patanjali noodles chatpata masala 4 pack,15
2026-03-23,patanjali noodles chatpata masala 4 pack,2
2026-03-24,patanjali noodles chatpata masala 4 pack,5
2026-03-25,patanjali noodles chatpata masala 4 pack,5
2026-03-26,patanjali noodles chatpata masala 4 pack,3
2026-03-27,patanjali noodles chatpata masala 4 pack,2
2026-03-28,patanjali noodles chatpata masala 4 pack,25
2026-03-29,patanjali noodles chatpata masala 4 pack,17
2026-03-30,patanjali noodles chatpata masala 4 pack,10
2026-03-31,patanjali noodles chatpata masala 4 pack,9
2026-04-01,patanjali noodles chatpata masala 4 pack,8
2026-04-02,patanjali noodles chatpata masala 4 pack,10
2026-04-03,patanjali noodles chatpata masala 4 pack,8
2026-04-04,patanjali noodles chatpata masala 4 pack,21
2026-04-05,patanjali noodles chatpata masala 4 pack,19
2026-04-06,patanjali noodles chatpata masala 4 pack,3
2026-04-07,patanjali noodles chatpata masala 4 pack,5
2026-04-08,patanjali noodles chatpata masala 4 pack,3
2026-04-09,patanjali noodles chatpata masala 4 pack,2
2026-04-10,patanjali noodles chatpata masala 4 pack,2
2026-04-11,patanjali noodles chatpata masala 4 pack,14
2026-04-12,patanjali noodles chatpata masala 4 pack,15
2026-04-13,patanjali noodles chatpata masala 4 pack,3
2026-04-14,patanjali noodles chatpata masala 4 pack,2
2026-04-15,patanjali noodles chatpata masala 4 pack,5
2026-04-16,patanjali noodles chatpata masala 4 pack,5
2026-04-17,patanjali noodles chatpata masala 4 pack,5
2026-04-18,patanjali noodles chatpata masala 4 pack,15
2026-04-19,patanjali noodles chatpata masala 4 pack,15
2026-04-20,patanjali noodles chatpata masala 4 pack,5
2026-04-21,patanjali noodles chatpata masala 4 pack,4
2026-04-22,patanjali noodles chatpata masala 4 pack,5
2026-04-23,patanjali noodles chatpata masala 4 pack,4
2026-04-24,patanjali noodles chatpata masala 4 pack,2
2026-04-25,patanjali noodles chatpata masala 4 pack,12
2026-04-26,patanjali noodles chatpata masala 4 pack,18
2026-04-27,patanjali noodles chatpata masala 4 pack,3
2026-04-28,patanjali noodles chatpata masala 4 pack,7
2025-12-30,patanjali noodles yummy masala,6
2025-12-31,patanjali noodles yummy masala,13
2026-01-01,patanjali noodles yummy masala,25
2026-01-02,patanjali noodles yummy masala,8
2026-01-03,patanjali noodles yummy masala,21
2026-01-04,patanjali noodles yummy masala,22
2026-01-05,patanjali noodles yummy masala,6
2026-01-06,patanjali noodles yummy masala,4
2026-01-07,patanjali noodles yummy masala,5
2026-01-08,patanjali noodles yummy masala,3
2026-01-09,patanjali noodles yummy masala,4
2026-01-10,patanjali noodles yummy masala,28
2026-01-11,patanjali noodles yummy masala,16
2026-01-12,patanjali noodles yummy masala,5
2026-01-13,patanjali noodles yummy masala,5
2026-01-14,patanjali noodles yummy masala,5
2026-01-15,patanjali noodles yummy masala,18
2026-01-16,patanjali noodles yummy masala,2
2026-01-17,patanjali noodles yummy masala,18
2026-01-18,patanjali noodles yummy masala,12
2026-01-19,patanjali noodles yummy masala,3
2026-01-20,patanjali noodles yummy masala,4
2026-01-21,patanjali noodles yummy masala,5
2026-01-22,patanjali noodles yummy masala,4
2026-01-23,patanjali noodles yummy masala,2
2026-01-24,patanjali noodles yummy masala,16
2026-01-25,patanjali noodles yummy masala,17
2026-01-26,patanjali noodles yummy masala,5
2026-01-27,patanjali noodles yummy masala,2
2026-01-28,patanjali noodles yummy masala,8
2026-01-29,patanjali noodles yummy masala,12
2026-01-30,patanjali noodles yummy masala,11
2026-01-31,patanjali noodles yummy masala,17
2026-02-01,patanjali noodles yummy masala,17
2026-02-02,patanjali noodles yummy masala,29
2026-02-03,patanjali noodles yummy masala,13
2026-02-04,patanjali noodles yummy masala,12
2026-02-05,patanjali noodles yummy masala,10
2026-02-06,patanjali noodles yummy masala,3
2026-02-07,patanjali noodles yummy masala,12
2026-02-08,patanjali noodles yummy masala,14
2026-02-09,patanjali noodles yummy masala,4
2026-02-10,patanjali noodles yummy masala,2
2026-02-11,patanjali noodles yummy masala,2
2026-02-12,patanjali noodles yummy masala,4
2026-02-13,patanjali noodles yummy masala,2
2026-02-14,patanjali noodles yummy masala,10
2026-02-15,patanjali noodles yummy masala,14
2026-02-16,patanjali noodles yummy masala,5
2026-02-17,patanjali noodles yummy masala,4
2026-02-18,patanjali noodles yummy masala,3
2026-02-19,patanjali noodles yummy masala,3
2026-02-20,patanjali noodles yummy masala,4
2026-02-21,patanjali noodles yummy masala,13
2026-02-22,patanjali noodles yummy masala,13
2026-02-23,patanjali noodles yummy masala,3
2026-02-24,patanjali noodles yummy masala,3
2026-02-25,patanjali noodles yummy masala,3
2026-02-26,patanjali noodles yummy masala,3
2026-02-27,patanjali noodles yummy masala,5
2026-02-28,patanjali noodles yummy masala,22
2026-03-01,patanjali noodles yummy masala,19
2026-03-02,patanjali noodles yummy masala,7
2026-03-03,patanjali noodles yummy masala,14
2026-03-04,patanjali noodles yummy masala,9
2026-03-05,patanjali noodles yummy masala,10
2026-03-06,patanjali noodles yummy masala,5
2026-03-07,patanjali noodles yummy masala,11
2026-03-08,patanjali noodles yummy masala,18
2026-03-09,patanjali noodles yummy masala,2
2026-03-10,patanjali noodles yummy masala,2
2026-03-11,patanjali noodles yummy masala,3
2026-03-12,patanjali noodles yummy masala,2
2026-03-13,patanjali noodles yummy masala,18
2026-03-14,patanjali noodles yummy masala,13
2026-03-15,patanjali noodles yummy masala,14
2026-03-16,patanjali noodles yummy masala,4
2026-03-17,patanjali noodles yummy masala,5
2026-03-18,patanjali noodles yummy masala,2
2026-03-19,patanjali noodles yummy masala,3
2026-03-20,patanjali noodles yummy masala,3
2026-03-21,patanjali noodles yummy masala,13
2026-03-22,patanjali noodles yummy masala,14
2026-03-23,patanjali noodles yummy masala,4
2026-03-24,patanjali noodles yummy masala,4
2026-03-25,patanjali noodles yummy masala,2
2026-03-26,patanjali noodles yummy masala,5
2026-03-27,patanjali noodles yummy masala,4
2026-03-28,patanjali noodles yummy masala,23
2026-03-29,patanjali noodles yummy masala,24
2026-03-30,patanjali noodles yummy masala,8
2026-03-31,patanjali noodles yummy masala,11
2026-04-01,patanjali noodles yummy masala,9
2026-04-02,patanjali noodles yummy masala,23
2026-04-03,patanjali noodles yummy masala,9
2026-04-04,patanjali noodles yummy masala,24
2026-04-05,patanjali noodles yummy masala,18
2026-04-06,patanjali noodles yummy masala,2
2026-04-07,patanjali noodles yummy masala,2
2026-04-08,patanjali noodles yummy masala,4
2026-04-09,patanjali noodles yummy masala,3
2026-04-10,patanjali noodles yummy masala,2
2026-04-11,patanjali noodles yummy masala,14
2026-04-12,patanjali noodles yummy masala,19
2026-04-13,patanjali noodles yummy masala,4
2026-04-14,patanjali noodles yummy masala,4
2026-04-15,patanjali noodles yummy masala,5
2026-04-16,patanjali noodles yummy masala,5
2026-04-17,patanjali noodles yummy masala,5
2026-04-18,patanjali noodles yummy masala,13
2026-04-19,patanjali noodles yummy masala,18
2026-04-20,patanjali noodles yummy masala,5
2026-04-21,patanjali noodles yummy masala,4
2026-04-22,patanjali noodles yummy masala,2
2026-04-23,patanjali noodles yummy masala,5
2026-04-24,patanjali noodles yummy masala,5
2026-04-25,patanjali noodles yummy masala,12
2026-04-26,patanjali noodles yummy masala,17
2026-04-27,patanjali noodles yummy masala,5
2026-04-28,patanjali noodles yummy masala,25
2025-12-30,rasayana ayurvedic chai,10
2025-12-31,rasayana ayurvedic chai,12
2026-01-01,rasayana ayurvedic chai,7
2026-01-02,rasayana ayurvedic chai,8
2026-01-03,rasayana ayurvedic chai,29
2026-01-04,rasayana ayurvedic chai,18
2026-01-05,rasayana ayurvedic chai,12
2026-01-06,rasayana ayurvedic chai,5
2026-01-07,rasayana ayurvedic chai,4
2026-01-08,rasayana ayurvedic chai,18
2026-01-09,rasayana ayurvedic chai,3
2026-01-10,rasayana ayurvedic chai,11
2026-01-11,rasayana ayurvedic chai,8
2026-01-12,rasayana ayurvedic chai,4
2026-01-13,rasayana ayurvedic chai,5
2026-01-14,rasayana ayurvedic chai,5
2026-01-15,rasayana ayurvedic chai,3
2026-01-16,rasayana ayurvedic chai,3
2026-01-17,rasayana ayurvedic chai,8
2026-01-18,rasayana ayurvedic chai,9
2026-01-19,rasayana ayurvedic chai,4
2026-01-20,rasayana ayurvedic chai,4
2026-01-21,rasayana ayurvedic chai,3
2026-01-22,rasayana ayurvedic chai,3
2026-01-23,rasayana ayurvedic chai,2
2026-01-24,rasayana ayurvedic chai,8
2026-01-25,rasayana ayurvedic chai,8
2026-01-26,rasayana ayurvedic chai,4
2026-01-27,rasayana ayurvedic chai,20
2026-01-28,rasayana ayurvedic chai,10
2026-01-29,rasayana ayurvedic chai,9
2026-01-30,rasayana ayurvedic chai,7
2026-01-31,rasayana ayurvedic chai,15
2026-02-01,rasayana ayurvedic chai,17
2026-02-02,rasayana ayurvedic chai,11
2026-02-03,rasayana ayurvedic chai,9
2026-02-04,rasayana ayurvedic chai,10
2026-02-05,rasayana ayurvedic chai,9
2026-02-06,rasayana ayurvedic chai,5
2026-02-07,rasayana ayurvedic chai,5
2026-02-08,rasayana ayurvedic chai,9
2026-02-09,rasayana ayurvedic chai,5
2026-02-10,rasayana ayurvedic chai,5
2026-02-11,rasayana ayurvedic chai,3
2026-02-12,rasayana ayurvedic chai,19
2026-02-13,rasayana ayurvedic chai,5
2026-02-14,rasayana ayurvedic chai,6
2026-02-15,rasayana ayurvedic chai,8
2026-02-16,rasayana ayurvedic chai,3
2026-02-17,rasayana ayurvedic chai,2
2026-02-18,rasayana ayurvedic chai,3
2026-02-19,rasayana ayurvedic chai,3
2026-02-20,rasayana ayurvedic chai,2
2026-02-21,rasayana ayurvedic chai,7
2026-02-22,rasayana ayurvedic chai,6
2026-02-23,rasayana ayurvedic chai,4
2026-02-24,rasayana ayurvedic chai,5
2026-02-25,rasayana ayurvedic chai,4
2026-02-26,rasayana ayurvedic chai,5
2026-02-27,rasayana ayurvedic chai,3
2026-02-28,rasayana ayurvedic chai,14
2026-03-01,rasayana ayurvedic chai,12
2026-03-02,rasayana ayurvedic chai,10
2026-03-03,rasayana ayurvedic chai,12
2026-03-04,rasayana ayurvedic chai,11
2026-03-05,rasayana ayurvedic chai,9
2026-03-06,rasayana ayurvedic chai,2
2026-03-07,rasayana ayurvedic chai,8
2026-03-08,rasayana ayurvedic chai,7
2026-03-09,rasayana ayurvedic chai,3
2026-03-10,rasayana ayurvedic chai,2
2026-03-11,rasayana ayurvedic chai,3
2026-03-12,rasayana ayurvedic chai,5
2026-03-13,rasayana ayurvedic chai,4
2026-03-14,rasayana ayurvedic chai,8
2026-03-15,rasayana ayurvedic chai,9
2026-03-16,rasayana ayurvedic chai,3
2026-03-17,rasayana ayurvedic chai,3
2026-03-18,rasayana ayurvedic chai,3
2026-03-19,rasayana ayurvedic chai,3
2026-03-20,rasayana ayurvedic chai,2
2026-03-21,rasayana ayurvedic chai,5
2026-03-22,rasayana ayurvedic chai,6
2026-03-23,rasayana ayurvedic chai,4
2026-03-24,rasayana ayurvedic chai,4
2026-03-25,rasayana ayurvedic chai,2
2026-03-26,rasayana ayurvedic chai,2
2026-03-27,rasayana ayurvedic chai,4
2026-03-28,rasayana ayurvedic chai,17
2026-03-29,rasayana ayurvedic chai,12
2026-03-30,rasayana ayurvedic chai,9
2026-03-31,rasayana ayurvedic chai,9
2026-04-01,rasayana ayurvedic chai,24
2026-04-02,rasayana ayurvedic chai,12
2026-04-03,rasayana ayurvedic chai,9
2026-04-04,rasayana ayurvedic chai,13
2026-04-05,rasayana ayurvedic chai,15
2026-04-06,rasayana ayurvedic chai,20
2026-04-07,rasayana ayurvedic chai,19
2026-04-08,rasayana ayurvedic chai,5
2026-04-09,rasayana ayurvedic chai,4
2026-04-10,rasayana ayurvedic chai,4
2026-04-11,rasayana ayurvedic chai,8
2026-04-12,rasayana ayurvedic chai,25
2026-04-13,rasayana ayurvedic chai,2
2026-04-14,rasayana ayurvedic chai,3
2026-04-15,rasayana ayurvedic chai,2
2026-04-16,rasayana ayurvedic chai,2
2026-04-17,rasayana ayurvedic chai,2
2026-04-18,rasayana ayurvedic chai,8
2026-04-19,rasayana ayurvedic chai,9
2026-04-20,rasayana ayurvedic chai,5
2026-04-21,rasayana ayurvedic chai,4
2026-04-22,rasayana ayurvedic chai,2
2026-04-23,rasayana ayurvedic chai,2
2026-04-24,rasayana ayurvedic chai,5
2026-04-25,rasayana ayurvedic chai,7
2026-04-26,rasayana ayurvedic chai,9
2026-04-27,rasayana ayurvedic chai,5
2026-04-28,rasayana ayurvedic chai,25
2025-12-30,royal dry fruits badam giri,10
2025-12-31,royal dry fruits badam giri,12
2026-01-01,royal dry fruits badam giri,9
2026-01-02,royal dry fruits badam giri,10
2026-01-03,royal dry fruits badam giri,14
2026-01-04,royal dry fruits badam giri,15
2026-01-05,royal dry fruits badam giri,7
2026-01-06,royal dry fruits badam giri,4
2026-01-07,royal dry fruits badam giri,3
2026-01-08,royal dry fruits badam giri,2
2026-01-09,royal dry fruits badam giri,5
2026-01-10,royal dry fruits badam giri,11
2026-01-11,royal dry fruits badam giri,21
2026-01-12,royal dry fruits badam giri,5
2026-01-13,royal dry fruits badam giri,4
2026-01-14,royal dry fruits badam giri,2
2026-01-15,royal dry fruits badam giri,4
2026-01-16,royal dry fruits badam giri,3
2026-01-17,royal dry fruits badam giri,7
2026-01-18,royal dry fruits badam giri,8
2026-01-19,royal dry fruits badam giri,3
2026-01-20,royal dry fruits badam giri,3
2026-01-21,royal dry fruits badam giri,4
2026-01-22,royal dry fruits badam giri,4
2026-01-23,royal dry fruits badam giri,2
2026-01-24,royal dry fruits badam giri,7
2026-01-25,royal dry fruits badam giri,9
2026-01-26,royal dry fruits badam giri,2
2026-01-27,royal dry fruits badam giri,4
2026-01-28,royal dry fruits badam giri,8
2026-01-29,royal dry fruits badam giri,11
2026-01-30,royal dry fruits badam giri,9
2026-01-31,royal dry fruits badam giri,18
2026-02-01,royal dry fruits badam giri,17
2026-02-02,royal dry fruits badam giri,9
2026-02-03,royal dry fruits badam giri,13
2026-02-04,royal dry fruits badam giri,28
2026-02-05,royal dry fruits badam giri,10
2026-02-06,royal dry fruits badam giri,2
2026-02-07,royal dry fruits badam giri,9
2026-02-08,royal dry fruits badam giri,8
2026-02-09,royal dry fruits badam giri,5
2026-02-10,royal dry fruits badam giri,4
2026-02-11,royal dry fruits badam giri,4
2026-02-12,royal dry fruits badam giri,3
2026-02-13,royal dry fruits badam giri,2
2026-02-14,royal dry fruits badam giri,6
2026-02-15,royal dry fruits badam giri,11
2026-02-16,royal dry fruits badam giri,4
2026-02-17,royal dry fruits badam giri,4
2026-02-18,royal dry fruits badam giri,18
2026-02-19,royal dry fruits badam giri,4
2026-02-20,royal dry fruits badam giri,3
2026-02-21,royal dry fruits badam giri,10
2026-02-22,royal dry fruits badam giri,7
2026-02-23,royal dry fruits badam giri,5
2026-02-24,royal dry fruits badam giri,3
2026-02-25,royal dry fruits badam giri,2
2026-02-26,royal dry fruits badam giri,4
2026-02-27,royal dry fruits badam giri,5
2026-02-28,royal dry fruits badam giri,20
2026-03-01,royal dry fruits badam giri,19
2026-03-02,royal dry fruits badam giri,14
2026-03-03,royal dry fruits badam giri,9
2026-03-04,royal dry fruits badam giri,6
2026-03-05,royal dry fruits badam giri,10
2026-03-06,royal dry fruits badam giri,5
2026-03-07,royal dry fruits badam giri,8
2026-03-08,royal dry fruits badam giri,6
2026-03-09,royal dry fruits badam giri,2
2026-03-10,royal dry fruits badam giri,2
2026-03-11,royal dry fruits badam giri,5
2026-03-12,royal dry fruits badam giri,5
2026-03-13,royal dry fruits badam giri,4
2026-03-14,royal dry fruits badam giri,20
2026-03-15,royal dry fruits badam giri,6
2026-03-16,royal dry fruits badam giri,2
2026-03-17,royal dry fruits badam giri,2
2026-03-18,royal dry fruits badam giri,3
2026-03-19,royal dry fruits badam giri,4
2026-03-20,royal dry fruits badam giri,18
2026-03-21,royal dry fruits badam giri,7
2026-03-22,royal dry fruits badam giri,5
2026-03-23,royal dry fruits badam giri,4
2026-03-24,royal dry fruits badam giri,4
2026-03-25,royal dry fruits badam giri,5
2026-03-26,royal dry fruits badam giri,3
2026-03-27,royal dry fruits badam giri,5
2026-03-28,royal dry fruits badam giri,15
2026-03-29,royal dry fruits badam giri,15
2026-03-30,royal dry fruits badam giri,10
2026-03-31,royal dry fruits badam giri,12
2026-04-01,royal dry fruits badam giri,7
2026-04-02,royal dry fruits badam giri,10
2026-04-03,royal dry fruits badam giri,14
2026-04-04,royal dry fruits badam giri,17
2026-04-05,royal dry fruits badam giri,13
2026-04-06,royal dry fruits badam giri,3
2026-04-07,royal dry fruits badam giri,2
2026-04-08,royal dry fruits badam giri,4
2026-04-09,royal dry fruits badam giri,4
2026-04-10,royal dry fruits badam giri,5
2026-04-11,royal dry fruits badam giri,7
2026-04-12,royal dry fruits badam giri,6
2026-04-13,royal dry fruits badam giri,5
2026-04-14,royal dry fruits badam giri,4
2026-04-15,royal dry fruits badam giri,3
2026-04-16,royal dry fruits badam giri,5
2026-04-17,royal dry fruits badam giri,2
2026-04-18,royal dry fruits badam giri,9
2026-04-19,royal dry fruits badam giri,8
2026-04-20,royal dry fruits badam giri,5
2026-04-21,royal dry fruits badam giri,4
2026-04-22,royal dry fruits badam giri,5
2026-04-23,royal dry fruits badam giri,4
2026-04-24,royal dry fruits badam giri,4
2026-04-25,royal dry fruits badam giri,9
2026-04-26,royal dry fruits badam giri,10
2026-04-27,royal dry fruits badam giri,5
2026-04-28,royal dry fruits badam giri,11
2025-12-30,royal label,9
2025-12-31,royal label,9
2026-01-01,royal label,10
2026-01-02,royal label,7
2026-01-03,royal label,11
2026-01-04,royal label,12
2026-01-05,royal label,10
2026-01-06,royal label,18
2026-01-07,royal label,3
2026-01-08,royal label,2
2026-01-09,royal label,3
2026-01-10,royal label,22
2026-01-11,royal label,6
2026-01-12,royal label,2
2026-01-13,royal label,5
2026-01-14,royal label,3
2026-01-15,royal label,4
2026-01-16,royal label,4
2026-01-17,royal label,9
2026-01-18,royal label,7
2026-01-19,royal label,4
2026-01-20,royal label,2
2026-01-21,royal label,4
2026-01-22,royal label,2
2026-01-23,royal label,4
2026-01-24,royal label,7
2026-01-25,royal label,11
2026-01-26,royal label,3
2026-01-27,royal label,2
2026-01-28,royal label,9
2026-01-29,royal label,7
2026-01-30,royal label,10
2026-01-31,royal label,11
2026-02-01,royal label,14
2026-02-02,royal label,9
2026-02-03,royal label,11
2026-02-04,royal label,8
2026-02-05,royal label,13
2026-02-06,royal label,4
2026-02-07,royal label,7
2026-02-08,royal label,9
2026-02-09,royal label,5
2026-02-10,royal label,20
2026-02-11,royal label,3
2026-02-12,royal label,3
2026-02-13,royal label,5
2026-02-14,royal label,9
2026-02-15,royal label,8
2026-02-16,royal label,3
2026-02-17,royal label,4
2026-02-18,royal label,2
2026-02-19,royal label,5
2026-02-20,royal label,3
2026-02-21,royal label,7
2026-02-22,royal label,11
2026-02-23,royal label,4
2026-02-24,royal label,2
2026-02-25,royal label,4
2026-02-26,royal label,17
2026-02-27,royal label,5
2026-02-28,royal label,15
2026-03-01,royal label,11
2026-03-02,royal label,13
2026-03-03,royal label,8
2026-03-04,royal label,12
2026-03-05,royal label,13
2026-03-06,royal label,2
2026-03-07,royal label,8
2026-03-08,royal label,6
2026-03-09,royal label,4
2026-03-10,royal label,3
2026-03-11,royal label,4
2026-03-12,royal label,4
2026-03-13,royal label,5
2026-03-14,royal label,11
2026-03-15,royal label,10
2026-03-16,royal label,4
2026-03-17,royal label,3
2026-03-18,royal label,2
2026-03-19,royal label,5
2026-03-20,royal label,4
2026-03-21,royal label,9
2026-03-22,royal label,8
2026-03-23,royal label,18
2026-03-24,royal label,2
2026-03-25,royal label,3
2026-03-26,royal label,3
2026-03-27,royal label,3
2026-03-28,royal label,17
2026-03-29,royal label,14
2026-03-30,royal label,8
2026-03-31,royal label,12
2026-04-01,royal label,12
2026-04-02,royal label,11
2026-04-03,royal label,8
2026-04-04,royal label,19
2026-04-05,royal label,11
2026-04-06,royal label,4
2026-04-07,royal label,5
2026-04-08,royal label,3
2026-04-09,royal label,3
2026-04-10,royal label,4
2026-04-11,royal label,10
2026-04-12,royal label,9
2026-04-13,royal label,2
2026-04-14,royal label,2
2026-04-15,royal label,2
2026-04-16,royal label,4
2026-04-17,royal label,4
2026-04-18,royal label,10
2026-04-19,royal label,10
2026-04-20,royal label,5
2026-04-21,royal label,2
2026-04-22,royal label,5
2026-04-23,royal label,4
2026-04-24,royal label,5
2026-04-25,royal label,9
2026-04-26,royal label,9
2026-04-27,royal label,4
2026-04-28,royal label,9
